Frecuencia Original [Hz],Frecuencia Polinomio [Hz],Frecuencia Metaheuristica [Hz]
1921,50.09431221407159,50.09431221407159
1921,50.093035269207114,50.090402772413604
1921,50.091761748754365,50.086552444814586
1921,50.090491625826026,50.082757796763445
1921,50.08922487397128,50.079018036003404
1921,50.087961467174715,50.075332381538864
1921,50.08670137985508,50.07170006347534
1921,50.08544458686406,50.06812032286171
1921,50.084191063484894,50.06459241153464
1921,50.082940785431056,50.06111559196528
1921,50.08169372884475,50.057689137108106
1921,50.08044987029542,50.05431233025192
1921,50.07920918677817,50.050984464872954
1921,50.07797165571217,50.047704844490106
1921,50.07673725493894,50.04447278252219
1921,50.07550596272063,50.0412876021472
1921,50.07427775773824,50.03814863616364
1921,50.07305261908976,50.03505522685378
1921,50.0718305262883,50.032006725848824
1921,50.07061145926013,50.02900249399608
1921,50.069395398342685,50.02604190122798
1921,50.068182324282546,50.023124326432864
1921,50.066972218233325,50.0202491573278
1921,50.06576506175355,50.017415790333025
1921,50.06456083680449,50.01462363044829
1921,50.06335952574789,50.011872091130876
1921,50.06216111134376,50.00916059417543
1921,50.060965576748046,50.006488569595426
1921,50.059772905510236,50.00385545550639
1921,50.05858308157105,50.0012606980107
1921,50.057396089259946,49.9987037510841
1921,50.056211913292664,49.9961840764638
1921,50.05503053876874,49.993701143538125
1921,50.05385195116895,49.9912544292378
1921,50.052676136352716,49.98884341792874
1921,50.05150308055553,49.98646760130638
1921,50.05033277038626,49.98412647829147
1921,50.049165192824525,49.981819554927434
1921,50.04800033521792,49.97954634427908
1921,50.04683818527933,49.97730636633283
1921,50.04567873108411,49.97509914789835
1921,50.04452196106731,49.97292422251155
1921,50.04336786402084,49.970781130339006
1921,50.042216429090594,49.968669418083685
1921,50.04106764577357,49.96658863889208
1921,50.03992150391499,49.96453835226259
1921,50.03877799370529,49.96251812395529
1921,50.037637105677206,49.960527525902876
1921,50.0364988307028,49.958566136122954
1921,50.035363159990396,49.956633538631586
1921,50.0342300850816,49.954729323357974
1921,50.03309959784823,49.952853086060465
1921,50.0319716904892,49.95100442824368
1921,50.0308463555275,49.94918295707685
1921,50.02972358580701,49.94738828531329
1921,50.02860337448943,49.945620031211035
1921,50.02748571505106,49.943877818454624
1921,50.026370601279694,49.942161276077925
1921,50.02525802727141,49.94047003838817
1921,50.02414798742737,49.938803744890926
1921,50.02304047645061,49.937162040216286
1921,50.021935489342795,49.93554457404598
1921,50.020833021400996,49.933951001041585
1921,50.01973306821443,49.93238098077377
1921,50.018635625661176,49.93083417765251
1921,50.017540689904926,49.92931026085827
1921,50.01644825739166,49.92780890427428
1921,50.01535832484635,49.92632978641959
1921,50.01427088926968,49.92487259038329
1921,50.0131859479347,49.923437003759446
1921,50.012103498383475,49.92202271858317
1921,50.0110235384238,49.920629431267436
1921,50.00994606612582,49.91925684254086
1921,50.00887107981868,49.9179046573864
1921,50.00779857808718,49.91657258498084
1921,50.00672855976842,49.91526033863522
1921,50.00566102394839,49.913967635736064
1921,50.00459596995866,49.912694197687436
1921,50.003533397372934,49.911439749853855
1921,50.00247330600373,49.910204021504015
1921,50.00141569589898,49.90898674575527
1921,50.00036056733862,49.907787659518945
1921,49.99930792083122,49.906606503446405
1921,49.99825775711062,49.90544302187592
1921,49.9972100771325,49.904296962780215
1921,49.996164882071014,49.90316807771487
1921,49.9951221733154,49.902056121767345
1921,49.994081952466594,49.90096085350682
1921,49.993044221333825,49.89988203493468
1921,49.99200898193125,49.898819431435754
1921,49.99097623647458,49.89777281173021
1921,49.98994598737766,49.896741947826165
1921,49.98891823724912,49.895726614972915
1921,49.98789298888903,49.89472659161492
1921,49.98687024528546,49.893741659346354
1921,49.98585000961116,49.892771602866354
1921,49.984832285220214,49.89181620993489
1921,49.98381707564465,49.890875271329215
1921,49.98280438459111,49.889948580801075
1921,49.98179421593749,49.88903593503433
1921,49.98078657372964,49.88813713360334
1921,49.97978146217798,49.88725197893186
1921,49.97877888565424,49.88638027625256
1921,49.9777788486881,49.88552183356707
1921,49.97678135596389,49.884676461606645
1921,49.97578641231731,49.883843973793375
1921,49.974794022732134,49.883024186201915
1921,49.97380419233693,49.88221691752181
1921,49.972816926401784,49.8814219890203
1921,49.97183223033503,49.880639224505714
1921,49.97085010968005,49.879868450291326
1921,49.96987057011197,49.87910949515977
1921,49.968893617434475,49.87836219032792
1921,49.96791925757657,49.87762636941233
1921,49.966947496589405,49.87690186839509
1921,49.96597834064304,49.8761885255902
1921,49.965011796023305,49.87548618161048
1921,49.96404786912859,49.874794679334826
1921,49.96308656646676,49.874113863876055
1921,49.9621278946519,49.87344358254911
1921,49.961171860401315,49.8727836848398
1921,49.960218470532325,49.872134022373935
1921,49.9592677319592,49.87149444888688
1921,49.95831965169006,49.87086482019361
1921,49.95737423682384,49.87024499415913
1921,49.95643149454717,49.86963483066934
1921,49.95549143213139,49.869034191602324
1921,49.9545540569295,49.86844294080001
1921,49.95361937637317,49.86786094404028
1921,49.952687397969704,49.86728806900945
1921,49.95175812929911,49.86672418527511
1921,49.950831578011105,49.86616916425947
1921,49.949907751822195,49.86562287921288
1921,49.94898665851272,49.86508520518796
1921,49.94806830592399,49.864556019013904
1921,49.94715270195531,49.86403519927127
1921,49.94623985456121,49.86352262626708
1921,49.945329771748504,49.86301818201025
1921,49.944422461573474,49.862521750187476
1921,49.94351793213907,49.86203321613928
1921,49.942616191592094,49.86155246683661
1921,49.94171724812039,49.86107939085759
1921,49.94082110995013,49.86061387836471
1921,49.939927785343,49.860155821082294
1921,49.93903728259355,49.85970511227433
1921,49.93814961002643,49.85926164672253
1921,49.9372647759937,49.858825320704824
1921,49.93638278887221,49.85839603197404
1921,49.93550365706089,49.857973679736965
1921,49.93462738897818,49.85755816463368
1921,49.93375399305937,49.85714938871719
1921,49.93288347775403,49.85674725543331
1921,49.932015851523474,49.85635166960093
1921,49.93115112283814,49.85596253739243
1921,49.930289300175126,49.855579766314484
1921,49.92943039201568,49.8552032651891
1921,49.92857440684268,49.854832944134884
1921,49.92772135313819,49.85446871454865
1921,49.926871239381015,49.854110489087255
1921,49.92602407404429,49.85375818164964
1921,49.92517986559307,49.853411707359236
1921,49.92433862248195,49.85307098254651
1921,49.92350035315271,49.852735924731846
1921,49.92266506603198,49.85240645260862
1921,49.92183276952895,49.85208248602651
1921,49.92100347203302,49.85176394597509
1921,49.92017718191162,49.85145075456759
1921,49.919353907507876,49.85114283502498
1921,49.91853365713844,49.85084011166017
1921,49.91771643909127,49.850542509862514
1921,49.91690226162346,49.85024995608253
1921,49.91609113295907,49.849962377816766
1921,49.91528306128699,49.84967970359298
1921,49.91447805475887,49.84940186295547
1921,49.91367612148696,49.849128786450585
1921,49.91287726954211,49.84886040561256
1921,49.912081506951694,49.84859665294941
1921,49.91128884169759,49.848337461929106
1921,49.9104992817142,49.848082766965945
1921,49.90971283488647,49.84783250340709
1921,49.908929509047915,49.8475866075193
1921,49.908149311978725,49.84734501647586
1921,49.90737225140385,49.84710766834374
1921,49.90659833499111,49.846874502070825
1921,49.905827570349345,49.846645457473436
1921,49.905059965026574,49.84642047522397
1921,49.904295526508186,49.84619949683876
1921,49.90353426221517,49.845982464666015
1921,49.902776179502304,49.84576932187409
1921,49.90202128565647,49.845560012439734
1921,49.90126958789489,49.84535448113667
1921,49.900521093363466,49.84515267352421
1921,49.89977580913507,49.84495453593616
1921,49.899033742207955,49.844760015469745
1921,49.89829489950405,49.844569059974766
1921,49.897559287867445,49.84438161804296
1921,49.896826914062736,49.84419763899738
1921,49.896097784773545,49.84401707288205
1921,49.895371906600914,49.843839870451696
1921,49.894649286061856,49.84366598316166
1921,49.893929929587856,49.8434953631579
1921,49.893213843523384,49.84332796326724
1921,49.8925010341245,49.84316373698765
1921,49.89179150755741,49.843002638478694
1921,49.891085269897076,49.84284462255216
1921,49.890382327125884,49.84268964466277
1921,49.88968268513225,49.842537660899055
1921,49.888986349709334,49.842388627974316
1921,49.888293326553736,49.84224250321779
1921,49.88760362126421,49.84209924456585
1921,49.88691723934044,49.8419588105534
1921,49.886234186181774,49.841821160305365
1921,49.88555446708607,49.841686253528295
1921,49.884878087248445,49.84155405050212
1921,49.8842050517602,49.84142451207196
1921,49.88353536560761,49.841297599640136
1921,49.882869033670865,49.84117327515821
1921,49.88220606072295,49.841051501119225
1921,49.8815464514286,49.840932240549954
1921,49.88089021034322,49.840815457003345
1921,49.88023734191191,49.84070111455105
1921,49.87958785046845,49.84058917777603
1921,49.87894174023429,49.84047961176529
1921,49.87829901531766,49.84037238210273
1921,49.87765967971258,49.840267454862065
1921,49.877023737297996,49.84016479659988
1921,49.87639119183687,49.84006437434874
1921,49.87576204697533,49.83996615561047
1921,49.8751363062418,49.839870108349416
1921,49.87451397304621,49.83977620098594
1921,49.87389505067922,49.83968440238989
1921,49.87327954231137,49.83959468187425
1921,49.872667450992424,49.8395070091888
1921,49.87205877965054,49.83942135451394
1921,49.87145353109163,49.839337688454535
1921,49.87085170799867,49.839255982033926
1921,49.87025331293099,49.839176206687945
1921,49.86965834832366,49.839098334259084
1921,49.869066816486864,49.83902233699066
1921,49.868478719605314,49.83894818752119
1921,49.867894059737615,49.838875858878716
1921,49.86731283881578,49.83880532447528
1921,49.86673505864463,49.8387365581015
1921,49.86616072090132,49.83866953392114
1921,49.865589827134805,49.83860422646584
1921,49.8650223787654,49.83854061062986
1921,49.86445837708431,49.83847866166497
1921,49.86389782325318,49.838418355175314
1921,49.86334071830372,49.83835966711243
1921,49.862787063137255,49.83830257377031
1921,49.862236858524426,49.83824705178053
1921,49.86169010510477,49.838193078107444
1921,49.861146803386426,49.83814063004348
1921,49.8606069537458,49.838089685204444
1921,49.8600705564273,49.83804022152493
1921,49.85953761154303,49.8379922172538
1921,49.85900811907257,49.83794565094972
1921,49.858482078862714,49.83790050147674
1921,49.85795949062726,49.837856747999965
1921,49.857440353946835,49.83781436998126
1921,49.856924668268704,49.83777334717505
1921,49.856412432906616,49.83773365962416
1921,49.855903647040655,49.83769528765571
1921,49.85539830971715,49.83765821187706
1921,49.854896419848544,49.83762241317184
1921,49.85439797621332,49.83758787269604
1921,49.85390297745596,49.83755457187411
1921,49.85341142208687,49.83752249239514
1921,49.852923308482374,49.837491616209135
1921,49.852438634884685,49.83746192552327
1921,49.85195739940193,49.83743340279826
1921,49.85147960000821,49.83740603074473
1921,49.85100523454356,49.83737979231967
1921,49.85053430071408,49.83735467072297
1921,49.850066796092015,49.83733064939391
1921,49.84960271811582,49.837307712007785
1921,49.84914206409028,49.83728584247255
1921,49.84868483118667,49.83726502492551
1921,49.848231016442874,49.83724524373006
1921,49.84778061676357,49.83722648347248
1921,49.8473336289204,49.83720872895875
1921,49.84689004955218,49.837191965211424
1921,49.846449875165085,49.83717617746658
1921,49.84601310213293,49.83716135117076
1921,49.84557972669739,49.83714747197797
1921,49.84514974496825,49.83713452574677
1921,49.84472315292372,49.837122498537326
1921,49.84429994641069,49.837111376608554
1921,49.84388012114508,49.83710114641531
1921,49.84346367271213,49.83709179460559
1921,49.84305059656679,49.837083308017796
1921,49.842640888034005,49.83707567367801
1921,49.842234542309164,49.83706887879734
1921,49.84183155445844,49.83706291076929
1921,49.84143191941919,49.837057757167166
1921,49.84103563200042,49.83705340574152
1921,49.84064268688313,49.83704984441762
1921,49.84025307862085,49.83704706129298
1921,49.839866801640035,49.8370450446349
1921,49.83948385024058,49.83704378287806
1921,49.839104218596276,49.83704326462216
1921,49.83872790075533,49.83704347862952
1921,49.838354890640865,49.83704441382281
1921,49.83798518205146,49.83704605928278
1921,49.8376187686617,49.83704840424596
1921,49.83725564402269,49.83705143810251
1921,49.83689580156267,49.837055150393994
1921,49.836539234587576,49.83705953081124
1921,49.83618593628162,49.837064569192194
1921,49.83583589970793,49.83707025551989
1921,49.835489117809125,49.83707657992032
1921,49.835145583407964,49.83708353266044
1921,49.83480528920801,49.837091104146154
1921,49.83446822779426,49.83709928492034
1921,49.8341343916338,49.83710806566089
1921,49.833803773076525,49.83711743717883
1921,49.83347636435578,49.837127390416384
1921,49.83315215758911,49.837137916445116
1921,49.832831144778915,49.83714900646412
1921,49.83251331781324,49.837160651798165
1921,49.83219866846644,49.83717284389596
1921,49.83188718839998,49.83718557432833
1921,49.831578869163174,49.83719883478654
1921,49.83127370219393,49.83721261708053
1921,49.83097167881956,49.83722691313728
1921,49.83067279025753,49.83724171499908
1921,49.83037702761631,49.837257014821965
1921,49.83008438189611,49.83727280487404
1921,49.82979484398977,49.83728907753392
1921,49.82950840468353,49.83730582528914
1921,49.82922505465789,49.83732304073462
1921,49.828944784488456,49.83734071657111
1921,49.82866758464679,49.83735884560375
1921,49.82839344550126,49.837377420740495
1921,49.82812235731795,49.83739643499073
1921,49.8278543102615,49.837415881463784
1921,49.827589294396,49.83743575336754
1921,49.82732729968592,49.83745604400699
1921,49.82706831599698,49.83747674678291
1921,49.826812333097095,49.83749785519045
1921,49.826559340657255,49.83751936281782
1921,49.82630932825251,49.83754126334496
1921,49.82606228536285,49.83756355054223
1921,49.82581820137421,49.83758621826912
1921,49.82557706557936,49.837609260473
1921,49.825338867178914,49.83763267118786
1921,49.82510359528227,49.837656444533096
1921,49.82487123890861,49.837680574712245
1921,49.82464178698783,49.83770505601185
1921,49.82441522836161,49.83772988280023
1921,49.8241915517843,49.83775504952637
1921,49.82397074592403,49.83778055071872
1921,49.82375279936363,49.83780638098409
1921,49.8235377006017,49.83783253500654
1921,49.82332543805359,49.83785900754628
1921,49.823116000052444,49.837885793438566
1921,49.822909374850234,49.83791288759267
1921,49.822705550618785,49.8379402849908
1921,49.82250451545081,49.83796798068707
1921,49.822306257360964,49.83799596980646
1921,49.82211076428691,49.838024247543856
1921,49.82191802409035,49.838052809163
1921,49.821728024558084,49.83808164999556
1921,49.821540753403106,49.83811076544012
1921,49.821356198265654,49.83814015096126
1921,49.82117434671426,49.83816980208859
1921,49.82099518624689,49.83819971441587
1921,49.82081870429196,49.83822988360004
1921,49.82064488820947,49.83826030536037
1921,49.820473725292075,49.83829097547755
1921,49.820305202766164,49.838321889792816
1921,49.820139307793006,49.83835304420709
1921,49.819976027469785,49.838384434680144
1921,49.819815348830765,49.83841605722976
1921,49.81965725884836,49.83844790793087
1921,49.819501744434255,49.8384799829148
1921,49.819348792440515,49.838512278368434
1921,49.81919838966072,49.838544790533426
1921,49.81905052283105,49.83857751570542
1921,49.81890517863143,49.83861045023329
1921,49.818762343686664,49.83864359051838
1921,49.81862200456753,49.83867693301377
1921,49.81848414779191,49.838710474223504
1921,49.81834875982595,49.83874421070191
1921,49.81821582708517,49.83877813905285
1921,49.818085335935585,49.838812255929035
1921,49.81795727269487,49.838846558031314
1921,49.81783162363347,49.838881042108014
1921,49.81770837497574,49.838915704954246
1921,49.8175875129011,49.83895054341123
1921,49.817469023545165,49.83898555436568
1921,49.817352893000866,49.8390207347491
1921,49.81723910731962,49.83905608153719
1921,49.817127652512475,49.83909159174921
1921,49.8170185145512,49.83912726244734
1921,49.81691167936949,49.83916309073609
1921,49.816807132864085,49.839199073761705
1921,49.81670486089588,49.83923520871153
1921,49.81660484929114,49.839271492813474
1921,49.816507083842566,49.839307923335404
1921,49.81641155031049,49.839344497584584
1921,49.816318234423996,49.83938121290712
1921,49.81622712188206,49.8394180666874
1921,49.816138198354686,49.839455056347546
1921,49.816051449484085,49.83949217934689
1921,49.815966860885766,49.83952943318144
1921,49.81588441814969,49.83956681538334
1921,49.81580410684142,49.8396043235204
1921,49.81572591250325,49.839641955195525
1921,49.815649820655324,49.83967970804628
1921,49.815575816796816,49.83971757974435
1921,49.815503886407,49.83975556799509
1921,49.81543401494642,49.839793670537006
1921,49.81536618785802,49.839831885141315
1921,49.81530039056825,49.839870209611476
1921,49.815236608488206,49.83990864178273
1921,49.81517482701475,49.83994717952161
1921,49.81511503153164,49.83998582072557
1921,49.81505720741061,49.840024563322494
1921,49.81500134001254,49.84006340527024
1921,49.81494741468855,49.8401023445563
1921,49.81489541678107,49.84014137919727
1921,49.81484533162502,49.840180507238536
1921,49.81479714454886,49.84021972675379
1921,49.81475084087572,49.84025903584466
1921,49.81470640592448,49.84029843264032
1921,49.81466382501089,49.84033791529708
1921,49.814623083448645,49.840377481998
1921,49.81458416655049,49.84041713095252
1921,49.81454705962927,49.84045686039608
1921,49.814511747999084,49.840496668589765
1921,49.814478216976276,49.84053655381989
1921,49.81444645188059,49.84057651439771
1921,49.81441643803619,49.84061654865901
1921,49.814388160772744,49.84065665496378
1921,49.8143616054265,49.84069683169588
1921,49.81433675734132,49.840737077262666
1921,49.814313601869785,49.8407773900947
1921,49.81429212437416,49.84081776864538
1921,49.814272310227544,49.84085821139063
1921,49.81425414481483,49.8408987168286
1921,49.814237613533784,49.84093928347931
1921,49.814222701796076,49.84097990988436
1921,49.8142093950283,49.84102059460664
1921,49.814197678673,49.84106133622999
1921,49.81418753818968,49.84110213335894
1921,49.81417895905584,49.84114298461836
1921,49.814171926767976,49.84118388865325
1921,49.81416642684257,49.84122484412838
1921,49.8141624448171,49.841265849728046
1921,49.81415996625105,49.84130690415579
1921,49.81415897672685,49.84134800613412
1921,49.81415946185092,49.841389154404226
1921,49.8141614072546,49.84143034772575
1921,49.814164798595144,49.84147158487647
1921,49.81416962155667,49.84151286465211
1921,49.81417586185115,49.84155418586602
1921,49.81418350521932,49.84159554734897
1921,49.814192537431666,49.84163694794888
1921,49.81420294428934,49.84167838653056
1921,49.814214711625134,49.84171986197551
1921,49.81422782530435,49.84176137318167
1921,49.81424227122577,49.841802919063156
1921,49.81425803532259,49.84184449855006
1921,49.81427510356325,49.84188611058822
1921,49.81429346195243,49.84192775413898
1921,49.8143130965319,49.841969428178984
1921,49.81433399338141,49.84201113169995
1921,49.8143561386196,49.84205286370846
1921,49.81437951840486,49.84209462322574
1921,49.81440411893621,49.84213640928748
1921,49.81442992645414,49.84217822094356
1921,49.814456927241515,49.84222005725794
1921,49.814485107624385,49.8422619173084
1921,49.81451445397285,49.84230380018633
1921,49.814544952701894,49.84234570499659
1921,49.814576590272196,49.84238763085728
1921,49.814609353190995,49.842429576899576
1921,49.81464322801285,49.842471542267496
1921,49.8146782013405,49.84251352611778
1921,49.814714259825635,49.84255552761966
1921,49.81475139016969,49.84259754595471
1921,49.81478957912464,49.842639580316664
1921,49.8148288134938,49.842681629911226
1921,49.81486908013253,49.84272369395593
1921,49.81491036594908,49.84276577167994
1921,49.814952657905295,49.8428078623239
1921,49.814995943017365,49.84284996513978
1921,49.815040208356585,49.84289207939069
1921,49.81508544105009,49.842934204350726
1921,49.81513162828154,49.842976339304855
1921,49.815178757291896,49.8430184835487
1921,49.815226815380086,49.843060636388415
1921,49.81527578990371,49.843102797140546
1921,49.81532566827976,49.84314496513187
1921,49.81537643798528,49.84318713969924
1921,49.81542808655805,49.843229320189465
1921,49.81548060159725,49.84327150595914
1921,49.815533970764136,49.84331369637454
1921,49.81558818178268,49.843355890811445
1921,49.81564322244022,49.843398088655036
1921,49.8156990805881,49.84344028929974
1921,49.815755744142265,49.843482492149114
1921,49.81581320108394,49.843524696615695
1921,49.815871439460196,49.84356690212089
1921,49.81593044738455,49.843609108094846
1921,49.81599021303761,49.84365131397631
1921,49.81605072466759,49.84369351921253
1921,49.81611197059095,49.84373572325912
1921,49.81617393919293,49.84377792557995
1921,49.81623661892811,49.843820125647
1921,49.81629999832098,49.843862322940275
1921,49.816364065966475,49.843904516947696
1921,49.81642881053051,49.843946707164946
1921,49.8164942207505,49.84398889309541
1921,49.81656028543589,49.84403107425001
1921,49.816626993468645,49.84407325014717
1921,49.816694333803774,49.84411542031262
1921,49.81676229546981,49.844157584279365
1921,49.81683086756927,49.84419974158755
1921,49.81690003927918,49.84424189178437
1921,49.816969799851506,49.844284034423936
1921,49.81704013861359,49.84432616906722
1921,49.81711104496865,49.844368295281946
1921,49.81718250839618,49.84441041264247
1921,49.817254518452394,49.8444525207297
1921,49.81732706477064,49.844494619131034
1921,49.817400137061824,49.84453670744019
1921,49.81747372511481,49.84457878525721
1921,49.81754781879679,49.844620852188285
1921,49.81762240805372,49.84466290784573
1921,49.81769748291064,49.84470495184786
1921,49.81777303347208,49.84474698381891
1921,49.817849049922415,49.844789003388975
1921,49.817925522526195,49.844831010193886
1921,49.818002441628515,49.844873003875165
1921,49.81807979765531,49.84491498407992
1921,49.8181575811137,49.84495695046077
1921,49.81823578259234,49.844998902675776
1921,49.81831439276164,49.84504084038836
1921,49.81839340237415,49.845082763267214
1921,49.81847280226477,49.84512467098624
1921,49.81855258335111,49.84516656322446
1921,49.818632736633674,49.84520843966599
1921,49.81871325319619,49.84525029999988
1921,49.818794124205816,49.84529214392013
1921,49.81887534091343,49.84533397112558
1921,49.8189568946538,49.845375781319824
1921,49.81903877684587,49.84541757421118
1921,49.819120978992935,49.84545934951261
1921,49.81920349268288,49.84550110694162
1921,49.81928630958834,49.84554284622025
1921,49.81936942146694,49.845584567074965
1921,49.81945282016141,49.84562626923663
1921,49.819536497599834,49.8456679524404
1921,49.81962044579574,49.84570961642571
1921,49.81970465684831,49.845751260936154
1921,49.81978912294249,49.8457928857195
1921,49.81987383634913,49.84583449052756
1921,49.819958789425144,49.845876075116166
1921,49.82004397461359,49.84591763924513
1921,49.82012938444379,49.845959182678136
1921,49.820215011531445,49.846000705182725
1921,49.82030084857872,49.84604220653024
1921,49.82038688837431,49.846083686495746
1921,49.820473123793555,49.84612514485799
1921,49.820559547798474,49.84616658139936
1921,49.82064615343783,49.84620799590581
1921,49.820732933847175,49.846249388166825
1921,49.820819882248905,49.846290757975375
1921,49.820906991952285,49.846332105127836
1921,49.82099425635347,49.84637342942397
1921,49.82108166893552,49.846414730666886
1921,49.8211692232684,49.84645600866294
1921,49.821256913008995,49.84649726322175
1921,49.821344731901085,49.84653849415611
1921,49.821432673775334,49.84657970128194
1921,49.82152073254925,49.846620884418286
1921,49.82160890222718,49.84666204338723
1921,49.821697176900216,49.846703178013854
1921,49.821785550746185,49.84674428812623
1921,49.821874018029575,49.84678537355533
1921,49.82196257310145,49.846826434135004
1921,49.822051210399415,49.84686746970196
1921,49.82213992444747,49.84690848009569
1921,49.82222870985597,49.84694946515845
1921,49.82231756132149,49.84699042473522
1921,49.822406473626735,49.84703135867363
1921,49.82249544164041,49.84707226682399
1921,49.8225844603171,49.847113149039195
1921,49.82267352469714,49.8471540051747
1921,49.82276262990643,49.847194835088494
1921,49.82285177115637,49.84723563864105
1921,49.82294094374364,49.847276415695326
1921,49.82303014305002,49.84731716611666
1921,49.82311936454228,49.847357889772795
1921,49.82320860377194,49.84739858653384
1921,49.823297856375106,49.8474392562722
1921,49.82338711807229,49.847479898862574
1921,49.82347638466817,49.847520514181916
1921,49.82356565205139,49.84756110210938
1921,49.82365491619437,49.84760166252633
1921,49.82374417315303,49.84764219531628
1921,49.82383341906659,49.84768270036486
1921,49.82392265015731,49.84772317755979
1921,49.82401186273026,49.847763626790886
1921,49.824101053173045,49.84780404794996
1921,49.824190217955554,49.847844440930835
1921,49.824279353629684,49.84788480562933
1921,49.82436845682904,49.84792514194319
1921,49.8244575242687,49.847965449772104
1921,49.82454655274487,49.84800572901762
1921,49.82463553913461,49.84804597958317
1921,49.82472448039554,49.848086201374024
1921,49.82481337356549,49.84812639429725
1921,49.82490221576221,49.84816655826172
1921,49.82499100418303,49.848206693178035
1921,49.82507973610453,49.84824679895856
1921,49.825168408882185,49.84828687551735
1921,49.82525701995006,49.848326922770156
1921,49.82534556682038,49.84836694063437
1921,49.82543404708326,49.84840692902904
1921,49.82552245840627,49.84844688787481
1921,49.825610798534065,49.84848681709391
1921,49.82569906528806,49.84852671661015
1921,49.82578725656599,49.84856658634887
1921,49.825875370341514,49.84860642623694
1921,49.825963404663874,49.84864623620272
1921,49.826051357657406,49.848686016176046
1921,49.82613922752121,49.84872576608822
1921,49.82622701252868,49.84876548587196
1921,49.826314711027095,49.84880517546141
1921,49.82640232143718,49.8488448347921
1921,49.826489842252705,49.848884463800935
1921,49.82657727204,49.84892406242618
1921,49.82666460943752,49.84896363060742
1921,49.82675185315543,49.849003168285556
1921,49.826839001975074,49.84904267540279
1921,49.82692605474859,49.8490821519026
1921,49.827013010398375,49.849121597729706
1921,49.82709986791665,49.84916101283008
1921,49.82718662636496,49.84920039715091
1921,49.8272732848737,49.84923975064059
1921,49.827359842641606,49.8492790732487
1921,49.827446298935286,49.84931836492599
1921,49.827532653088696,49.84935762562434
1921,49.82761890450263,49.849396855296796
1921,49.827705052644234,49.849436053897506
1921,49.82779109704646,49.8494752213817
1921,49.82787703730756,49.84951435770574
1921,49.82796287309056,49.84955346282702
1921,49.828048604122735,49.849592536703994
1921,49.82813423019503,49.849631579296165
1921,49.82821975116159,49.849670590564045
1921,49.828305166939145,49.84970957046917
1921,49.828390477506524,49.84974851897407
1921,49.828475682904035,49.84978743604223
1921,49.82856078323297,49.849826321638126
1921,49.82864577865499,49.849865175727174
1921,49.82873066939159,49.84990399827573
1921,49.828815455723515,49.84994278925106
1921,49.82890013799018,49.84998154862136
1921,49.82898471658912,49.85002027635571
1921,49.82906919197534,49.850058972424065
1921,49.82915356466083,49.85009763679728
1921,49.82923783521385,49.850136269447034
1921,49.82932200425846,49.85017487034587
1921,49.82940607247381,49.85021343946715
1921,49.829490040593626,49.85025197678506
1921,49.829573909405546,49.85029048227461
1921,49.82965767975053,49.850328955911586
1921,49.82974135252227,49.85036739767257
1921,49.829824928666525,49.850405807534905
1921,49.82990840918055,49.850444185476704
1921,49.82999179511242,49.850482531476835
1921,49.83007508756049,49.85052084551489
1921,49.83015828767265,49.85055912757121
1921,49.83024139664581,49.850597377626826
1921,49.83032441572518,49.850635595663505
1921,49.830407346203664,49.85067378166369
1921,49.830490189421226,49.85071193561051
1921,49.83057294676424,49.850750057487794
1921,49.83065561966485,49.85078814728
1921,49.8307382096003,49.85082620497228
1921,49.83082071809231,49.85086423055039
1921,49.83090314670641,49.85090222400078
1921,49.830985497051294,49.850940185310456
1921,49.831067770778134,49.85097811446711
1921,49.83114996957996,49.851016011458995
1921,49.83123209519098,49.85105387627499
1921,49.831314149385896,49.85109170890455
1921,49.83139613397929,49.85112950933772
1921,49.831478050824884,49.85116727756511
1921,49.831559901814934,49.85120501357792
1921,49.831641688879536,49.85124271736787
1921,49.831723413985934,49.85128038892724
1921,49.83180507913787,49.851318028248876
1921,49.831886686374915,49.85135563532612
1921,49.831968237771754,49.851393210152864
1921,49.83204973543754,49.851430752723495
1921,49.8321311815152,49.85146826303292
1921,49.83221257818075,49.85150574107655
1921,49.83229392764263,49.85154318685028
1921,49.832375232141004,49.85158060035049
1921,49.832456493947085,49.851617981574044
1921,49.83253771536242,49.851655330518284
1921,49.83261889871826,49.851692647181004
1921,49.83270004637482,49.85172993156046
1921,49.83278116072061,49.85176718365536
1921,49.83286224417176,49.85180440346485
1921,49.8329432991713,49.85184159098851
1921,49.83302432818849,49.85187874622637
1921,49.83310533371816,49.85191586917886
1921,49.833186318279935,49.851952959846834
1921,49.83326728441762,49.851990018231575
1921,49.833348234698505,49.85202704433474
1921,49.833429171712616,49.85206403815841
1921,49.833510098072075,49.852100999705044
1921,49.833591016410416,49.85213792897749
1921,49.833671929381836,49.852174825978985
1921,49.83375283966057,49.85221169071313
1921,49.833833749940155,49.85224852318391
1921,49.833914662932756,49.85228532339565
1921,49.83399558136849,49.85232209135305
1921,49.8340765079947,49.85235882706117
1921,49.834157445575315,49.852395530525385
1921,49.8342383968901,49.85243220175145
1921,49.83431936473403,49.85246884074543
1921,49.834400351916564,49.852505447513735
1921,49.83448136126097,49.8525420220631
1921,49.83456239560364,49.85257856440057
1921,49.83464345779341,49.85261507453351
1921,49.83472455069087,49.85265155246962
1921,49.834805677167694,49.852687998216865
1921,49.834886840105916,49.852724411783555
1921,49.834968042397314,49.852760793178255
1921,49.83504928694269,49.85279714240986
1921,49.83513057665122,49.852833459487535
1921,49.83521191443972,49.85286974442072
1921,49.835293303232056,49.85290599721915
1921,49.83537474595841,49.85294221789284
1921,49.83545624555463,49.852978406452046
1921,49.83553780496157,49.85301456290732
1921,49.83561942712438,49.85305068726946
1921,49.835701114991906,49.85308677954953
1921,49.83578287151598,49.853122839758846
1921,49.835864699650784,49.85315886790897
1921,49.835946602352145,49.85319486401171
1921,49.83602858257694,49.853230828079134
1921,49.8361106432824,49.85326676012352
1921,49.83619278742548,49.85330266015739
1921,49.83627501796219,49.85333852819351
1921,49.836357337846934,49.853374364244864
1921,49.836439750031914,49.853410168324665
1921,49.836522257466456,49.85344594044632
1921,49.83660486309635,49.853481680623496
1921,49.836687569863244,49.85351738887004
1921,49.83677038070402,49.85355306520002
1921,49.836853298550096,49.8535887096277
1921,49.83693632632688,49.853624322167576
1921,49.837019466953095,49.8536599028343
1921,49.83710272334015,49.85369545164277
1921,49.837186098391555,49.85373096860804
1921,49.837269595002276,49.85376645374536
1921,49.837353216058126,49.85380190707018
1921,49.83743696443516,49.853837328598125
1921,49.837520842999076,49.85387271834501
1921,49.83760485460458,49.85390807632682
1921,49.83768900209481,49.85394340255971
1921,49.83777328830075,49.853978697060015
1921,49.83785771604061,49.854013959844245
1921,49.83794228811924,49.85404919092907
1921,49.83802700732757,49.854084390331316
1921,49.838111876441985,49.85411955806799
1921,49.83819689822379,49.85415469415625
1921,49.838282075418604,49.8541897986134
1921,49.8383674107558,49.8542248714569
1921,49.83845290694794,49.85425991270438
1921,49.83853856669022,49.85429492237359
1921,49.83862439265988,49.85432990048245
1921,49.83871038751569,49.854364847049006
1921,49.83879655389737,49.854399762091454
1921,49.83888289442505,49.85443464562813
1921,49.83896941169875,49.854469497677506
1921,49.839056108297804,49.85450431825818
1921,49.83914298678037,49.854539107388895
1921,49.839230049682854,49.854573865088504
1921,49.83931729951942,49.854608591376014
1921,49.83940473878149,49.85464328627054
1921,49.83949236993713,49.85467794979131
1921,49.8395801954307,49.8547125819577
1921,49.83966821768218,49.85474718278918
1921,49.83975643908679,49.854781752305364
1921,49.83984486201445,49.854816290525946
1921,49.83993348880929,49.85485079747076
1921,49.840022321789135,49.85488527315974
1921,49.84011136324509,49.85491971761293
1921,49.84020061544103,49.85495413085049
1921,49.8402900806131,49.85498851289266
1921,49.8403797609693,49.855022863759814
1921,49.84046965868897,49.85505718347241
1921,49.84055977592241,49.85509147205101
1921,49.84065011479036,49.85512572951627
1921,49.840740677383565,49.85515995588894
1921,49.84083146576238,49.85519415118988
1921,49.840922481956305,49.85522831544002
1921,49.84101372796353,49.85526244866041
1921,49.84110520575057,49.85529655087216
1921,49.84119691725181,49.85533062209648
1921,49.84128886436908,49.85536466235467
1921,49.841381048971314,49.855398671668105
1921,49.84147347289406,49.855432650058255
1921,49.84156613793915,49.855466597546666
1921,49.84165904587429,49.855500514154954
1921,49.841752198432665,49.855534399904826
1921,49.8418455973126,49.85556825481807
1921,49.84193924417713,49.855602078916526
1921,49.842033140653676,49.85563587222213
1921,49.84212728833369,49.85566963475689
1921,49.84222168877228,49.85570336654288
1921,49.84231634348783,49.85573706760224
1921,49.84241125396174,49.85577073795718
1921,49.84250642163803,49.85580437762998
1921,49.842601847923035,49.85583798664298
1921,49.842697534185035,49.8558715650186
1921,49.842793481754015,49.85590511277931
1921,49.8428896919213,49.85593862994764
1921,49.84298616593924,49.85597211654619
1921,49.84308290502097,49.85600557259762
1921,49.843179910340055,49.85603899812463
1921,49.843277183030246,49.85607239315001
1921,49.843374724185146,49.85610575769657
1921,49.843472534858044,49.856139091787206
1921,49.8435706160615,49.856172395444844
1921,49.843668968767204,49.85620566869248
1921,49.843767593905675,49.856238911553156
1921,49.84386649236602,49.85627212404995
1921,49.843965664995686,49.85630530620602
1921,49.844065112600205,49.85633845804455
1921,49.84416483594304,49.85637157958876
1921,49.84426483574527,49.85640467086195
1921,49.84436511268544,49.856437731887446
1921,49.84446566739932,49.85647076268861
1921,49.84456650047973,49.85650376328887
1921,49.844667612476314,49.85653673371168
1921,49.84476900389535,49.85656967398054
1921,49.84487067519962,49.85660258411898
1921,49.84497262680819,49.85663546415059
1921,49.845074859096236,49.85666831409899
1921,49.84517737239491,49.85670113398783
1921,49.84528016699115,49.85673392384081
1921,49.84538324312758,49.85676668368165
1921,49.845486601002335,49.85679941353411
1921,49.84559024076893,49.85683211342201
1921,49.845694162536134,49.85686478336916
1921,49.84579836636787,49.85689742339944
1921,49.84590285228305,49.856930033536734
1921,49.84600762025552,49.85696261380498
1921,49.84611267021395,49.85699516422813
1921,49.846218002041695,49.85702768483018
1921,49.846323615576786,49.85706017563513
1921,49.846429510611785,49.85709263666703
1921,49.84653568689372,49.857125067949966
1921,49.84664214412406,49.857157469508024
1921,49.846748881958625,49.857189841365326
1921,49.846855900007526,49.85722218354603
1921,49.84696319783513,49.8572544960743
1921,49.84707077496006,49.857286778974334
1921,49.84717863085507,49.857319032270354
1921,49.84728676494713,49.857351255986615
1921,49.84739517661732,49.85738345014736
1921,49.84750386520088,49.85741561477689
1921,49.847612829987156,49.8574477498995
1921,49.84772207021965,49.85747985553953
1921,49.847831585096,49.85751193172131
1921,49.84794137376801,49.85754397846922
1921,49.848051435341674,49.85757599580762
1921,49.84816176887717,49.85760798376093
1921,49.848272373388966,49.85763994235355
1921,49.84838324784582,49.857671871609924
1921,49.84849439117083,49.85770377155449
1921,49.848605802241515,49.857735642211715
1921,49.84871747988984,49.85776748360608
1921,49.848829422902355,49.85779929576207
1921,49.848941630020214,49.857831078704194
1921,49.84905409993925,49.85786283245697
1921,49.849166831310164,49.85789455704493
1921,49.84927982273848,49.85792625249261
1921,49.84939307278481,49.85795791882457
1921,49.849506579964824,49.85798955606537
1921,49.849620342749446,49.85802116423958
1921,49.849734359565005,49.8580527433718
1921,49.849848628793254,49.85808429348661
1921,49.84996314877168,49.85811581460863
1921,49.85007791779347,49.85814730676246
1921,49.8501929341078,49.85817876997272
1921,49.85030819591992,49.85821020426404
1921,49.85042370139138,49.85824160966106
1921,49.85053944864012,49.85827298618841
1921,49.850655435740755,49.85830433387075
1921,49.85077166072464,49.858335652732734
1921,49.85088812158017,49.858366942799016
1921,49.85100481625296,49.858398204094264
1921,49.85112174264599,49.85842943664314
1921,49.85123889861983,49.858460640470334
1921,49.85135628199297,49.858491815600516
1921,49.85147389054189,49.858522962058366
1921,49.851591722001395,49.85855407986857
1921,49.85170977406481,49.85858516905581
1921,49.851828044384206,49.85861622964478
1921,49.85194653057075,49.85864726166018
1921,49.85206523019488,49.8586782651267
1921,49.852184140786484,49.858709240069025
1921,49.85230325983538,49.85874018651186
1921,49.85242258479145,49.8587711044799
1921,49.85254211306492,49.858801993997844
1921,49.852661842026706,49.85883285509039
1921,49.85278176900866,49.85886368778223
1921,49.85290189130392,49.858894492098074
1921,49.85302220616716,49.8589252680626
1921,49.853142710814964,49.85895601570051
1921,49.85326340242609,49.858986735036495
1921,49.85338427814179,49.85901742609525
1921,49.85350533506621,49.85904808890145
1921,49.85362657026667,49.859078723479804
1921,49.853747980773974,49.85910932985499
1921,49.85386956358289,49.85913990805167
1921,49.853991315652294,49.85917045809454
1921,49.85411323390577,49.85920098000826
1921,49.85423531523177,49.85923147381751
1921,49.85435755648407,49.859261939546954
1921,49.85447995448218,49.85929237722126
1921,49.854602506011695,49.859322786865064
1921,49.85472520782462,49.85935316850304
1921,49.854848056639845,49.859383522159824
1921,49.85497104914352,49.85941384786006
1921,49.85509418198943,49.85944414562839
1921,49.85521745179941,49.85947441548942
1921,49.85534085516383,49.85950465746781
1921,49.85546438864192,49.85953487158815
1921,49.85558804876216,49.85956505787506
1921,49.8557118320229,49.85959521635315
1921,49.855835734892544,49.85962534704701
1921,49.85595975381021,49.859655449981226
1921,49.856083885186024,49.859685525180396
1921,49.85620812540159,49.85971557266908
1921,49.856332470810536,49.85974559247185
1921,49.85645691773888,49.85977558461327
1921,49.85658146248548,49.85980554911789
1921,49.85670610132256,49.85983548601024
1921,49.856830830496186,49.85986539531488
1921,49.85695564622668,49.8598952770563
1921,49.85708054470913,49.85992513125905
1921,49.85720552211387,49.859954957947615
1921,49.857330574587,49.859984757146506
1921,49.857455698250874,49.8600145288802
1921,49.8575808892045,49.86004427317318
1921,49.85770614352416,49.86007399004991
1921,49.85783145726389,49.86010367953486
1921,49.85795682645591,49.860133341652464
1921,49.85808224711126,49.86016297642717
1921,49.85820771522021,49.8601925838834
1921,49.85833322675287,49.860222164045574
1921,49.85845877765955,49.86025171693809
1921,49.85858436387152,49.86028124258535
1921,49.858709981301416,49.86031074101173
1921,49.8588356258437,49.86034021224161
1921,49.85896129337537,49.86036965629934
1921,49.85908697975634,49.86039907320928
1921,49.8592126808301,49.86042846299576
1921,49.85933839242416,49.860457825683106
1921,49.85946411035081,49.86048716129563
1921,49.85958983040731,49.860516469857636
1921,49.85971554837677,49.86054575139341
1921,49.85984126002864,49.860575005927224
1921,49.85996696111917,49.86060423348335
1921,49.86009264739203,49.860633434086026
1921,49.86021831457891,49.8606626077595
1921,49.86034395840009,49.86069175452799
1921,49.860469574564895,49.86072087441572
1921,49.8605951587725,49.860749967446864
1921,49.86072070671223,49.860779033645635
1921,49.86084621406435,49.86080807303618
1921,49.86097167650059,49.86083708564268
1921,49.8610970896847,49.860866071489255
1921,49.86122244927304,49.860895030600055
1921,49.86134775091518,49.86092396299918
1921,49.861472990254526,49.86095286871075
1921,49.86159816292882,49.86098174775884
1921,49.861723264570834,49.86101060016753
1921,49.8618482908089,49.861039425960875
1921,49.861973237267584,49.86106822516293
1921,49.86209809956811,49.861096997797716
1921,49.862222873329195,49.861125743889254
1921,49.862347554167485,49.86115446346154
1921,49.86247213769818,49.861183156538566
1921,49.8625966195357,49.8612118231443
1921,49.86272099529422,49.861240463302714
1921,49.86284526058836,49.861269077037726
1921,49.862969411033674,49.861297664373275
1921,49.86309344224732,49.86132622533328
1921,49.86321734984872,49.86135475994162
1921,49.86334112946012,49.861383268222184
1921,49.86346477670709,49.86141175019884
1921,49.86358828721931,49.86144020589544
1921,49.86371165663115,49.861468635335804
1921,49.863834880582125,49.86149703854377
1921,49.863957954717726,49.86152541554312
1921,49.86408087468979,49.86155376635765
1921,49.86420363615735,49.86158209101114
1921,49.86432623478704,49.86161038952732
1921,49.86444866625392,49.86163866192996
1921,49.86457092624181,49.86166690824276
1921,49.86469301044415,49.86169512848943
1921,49.86481491456445,49.86172332269366
1921,49.864936634316926,49.861751490879136
1921,49.865058165427335,49.8617796330695
1921,49.865179503633016,49.8618077492884
1921,49.865300644684226,49.86183583955946
1921,49.865421584344126,49.86186390390628
1921,49.86554231838975,49.861891942352464
1921,49.865662842612444,49.861919954921575
1921,49.86578315281854,49.86194794163717
1921,49.86590324482984,49.8619759025228
1921,49.86602311448446,49.862003837601975
1921,49.86614275763709,49.86203174689822
1921,49.86626217015988,49.862059630435006
1921,49.86638134794292,49.862087488235815
1921,49.8665002868947,49.86211532032411
1921,49.86661898294296,49.86214312672331
1921,49.866737432035144,49.86217090745685
1921,49.8668556301388,49.86219866254813
1921,49.866973573242504,49.862226392020546
1921,49.86709125735625,49.862254095897455
1921,49.867208678512135,49.862281774202216
1921,49.867325832764685,49.86230942695816
1921,49.86744271619168,49.86233705418861
1921,49.86755932489465,49.862364655916856
1921,49.86767565499944,49.862392232166194
1921,49.86779170265675,49.862419782959876
1921,49.867907464042744,49.86244730832115
1921,49.86802293535944,49.862474808273255
1921,49.86813811283555,49.862502282839394
1921,49.86825299272682,49.862529732042766
1921,49.86836757131674,49.86255715590654
1921,49.868481844916786,49.86258455445389
1921,49.86859580986723,49.86261192770794
1921,49.86870946253778,49.86263927569182
1921,49.86882279932769,49.86266659842863
1921,49.86893581666674,49.86269389594146
1921,49.86904851101537,49.86272116825339
1921,49.86916087886556,49.86274841538744
1921,49.86927291674101,49.86277563736668
1921,49.86938462119805,49.8628028342141
1921,49.86949598882573,49.86283000595271
1921,49.86960701624651,49.86285715260548
1921,49.86971770011685,49.86288427419537
1921,49.86982803712753,49.86291137074533
1921,49.869938024004334,49.86293844227827
1921,49.87004765750827,49.86296548881712
1921,49.87015693443636,49.862992510384736
1921,49.87026585162184,49.86301950700401
1921,49.87037440593474,49.8630464786978
1921,49.87048259428248,49.863073425488906
1921,49.87059041361003,49.86310034740017
1921,49.870697860900705,49.86312724445438
1921,49.8708049331763,49.863154116674316
1921,49.87091162749775,49.86318096408273
1921,49.871017940965466,49.86320778670237
1921,49.871123870719806,49.86323458455595
1921,49.87122941394142,49.86326135766618
1921,49.87133456785179,49.86328810605575
1921,49.87143932971354,49.86331482974732
1921,49.871543696831004,49.86334152876353
1921,49.87164766655036,49.863368203127024
1921,49.87175123626018,49.86339485286041
1921,49.87185440339189,49.86342147798628
1921,49.871957165419936,49.8634480785272
1921,49.87205951986247,49.86347465450574
1921,49.872161464281334,49.863501205944424
1921,49.87226299628276,49.86352773286577
1921,49.87236411351741,49.86355423529229
1921,49.87246481368117,49.86358071324645
1921,49.872565094514904,49.863607166750725
1921,49.87266495380532,49.86363359582755
1921,49.872764389384955,49.86366000049935
1921,49.87286339913258,49.863686380788536
1921,49.87296198097355,49.863712736717495
1921,49.87306013288005,49.86373906830859
1921,49.873157852871614,49.86376537558417
1921,49.873255139014965,49.863791658566576
1921,49.873351989424656,49.86381791727812
1921,49.87344840226331,49.86384415174108
1921,49.87354437574156,49.86387036197774
1921,49.87363990811883,49.86389654801036
1921,49.873734997703195,49.86392270986117
1921,49.87382964285162,49.8639488475524
1921,49.873923841970324,49.86397496110623
1921,49.874017593515056,49.864001050544864
1921,49.87411089599122,49.864027115890444
1921,49.87420374795391,49.864053157165124
1921,49.87429614800855,49.86407917439102
1921,49.874388094810364,49.86410516759025
1921,49.87447958706551,49.86413113678489
1921,49.874570623530275,49.864157081997014
1921,49.87466120301211,49.86418300324867
1921,49.87475132436888,49.86420890056188
1921,49.874840986509824,49.86423477395866
1921,49.87493018839539,49.86426062346101
1921,49.875018929036976,49.86428644909088
1921,49.875107207497756,49.864312250870256
1921,49.87519502289212,49.86433802882106
1921,49.875282374386245,49.8643637829652
1921,49.87536926119795,49.86438951332458
1921,49.87545568259677,49.864415219921085
1921,49.87554163790411,49.864440902776565
1921,49.87562712649316,49.86446656191287
1921,49.87571214778916,49.864492197351815
1921,49.87579670126946,49.864517809115206
1921,49.87588078646306,49.86454339722483
1921,49.87596440295122,49.86456896170245
1921,49.87604755036694,49.864594502569815
1921,49.876130228395745,49.86462001984865
1921,49.87621243677462,49.86464551356067
1921,49.876294175292976,49.86467098372755
1921,49.87637544379176,49.86469643037098
1921,49.87645624216421,49.86472185351259
1921,49.87653657035497,49.86474725317404
1921,49.876616428360975,49.86477262937693
1921,49.87669581623044,49.86479798214285
1921,49.876774734063446,49.86482331149339
1921,49.876853182011494,49.8648486174501
1921,49.876931160277664,49.86487390003452
1921,49.87700866911597,49.86489915926817
1921,49.8770857088321,49.86492439517255
1921,49.87716227978231,49.86494960776914
1921,49.877238382374095,49.86497479707941
1921,49.87731401706549,49.86499996312481
1921,49.87738918436513,49.86502510592675
1921,49.87746388483187,49.86505022550664
1921,49.87753811907529,49.86507532188588
1921,49.87761188775418,49.86510039508583
1921,49.87768519157755,49.865125445127845
1921,49.87775803130396,49.86515047203325
1921,49.87783040774121,49.865175475823364
1921,49.877902321746085,49.865200456519474
1921,49.87797377422409,49.86522541414286
1921,49.87804476612946,49.86525034871478
1921,49.878115298464714,49.86527526025647
1921,49.878185372280214,49.86530014878914
1921,49.878254988673675,49.865325014334
1921,49.878324148790696,49.865349856912225
1921,49.87839285382364,49.86537467654499
1921,49.8784611050115,49.86539947325342
1921,49.87852890363954,49.86542424705865
1921,49.87859625103944,49.86544899798179
1921,49.87866314858773,49.86547372604391
1921,49.87872959770688,49.8654984312661
1921,49.87879559986381,49.8655231136694
1921,49.8788611565702,49.86554777327483
1921,49.87892626938114,49.86557241010342
1921,49.878990939895964,49.865597024176154
1921,49.87905516975675,49.86562161551401
1921,49.879118960648455,49.86564618413794
1921,49.8791823142984,49.86567073006888
1921,49.879245232475476,49.86569525332776
1921,49.87930771698981,49.865719753935466
1921,49.87936976969262,49.865744231912885
1921,49.87943139247547,49.865768687280884
1921,49.879492587269226,49.8657931200603
1921,49.87955335604459,49.86581753027197
1921,49.879613700810694,49.865841917936685
1921,49.87967362361497,49.86586628307524
1921,49.87973312654241,49.8658906257084
1921,49.87979221171507,49.86591494585693
1921,49.87985088129179,49.86593924354154
1921,49.87990913746661,49.86596351878296
1921,49.87996698246995,49.86598777160189
1921,49.8800244185659,49.866012002018984
1921,49.88008144805302,49.866036210054915
1921,49.88013807326339,49.86606039573032
1921,49.88019429656177,49.866084559065825
1921,49.880250120345295,49.86610870008202
1921,49.88030554704235,49.8661328187995
1921,49.88036057911196,49.86615691523882
1921,49.88041521904347,49.866180989420535
1921,49.88046946935594,49.86620504136517
1921,49.88052333259692,49.86622907109323
1921,49.880576811341534,49.86625307862521
1921,49.88062990819308,49.86627706398159
1921,49.88068262578071,49.866301027182814
1921,49.8807349667597,49.866324968249316
1921,49.880786933810285,49.866348887201525
1921,49.8808385296368,49.86637278405983
1921,49.880889756967754,49.866396658844614
1921,49.88094061855376,49.86642051157624
1921,49.88099111716757,49.866444342275045
1921,49.881041255603336,49.86646815096137
1921,49.881091036675045,49.8664919376555
1921,49.88114046321673,49.86651570237775
1921,49.881189538080804,49.86653944514836
1921,49.88123826413774,49.86656316598761
1921,49.881286644274695,49.86658686491572
1921,49.88133468139541,49.866610541952895
1921,49.88138237841887,49.86663419711935
1921,49.88142973827805,49.86665783043526
1921,49.88147676391986,49.866681441920775
1921,49.88152345830389,49.86670503159605
1921,49.881569824401545,49.86672859948119
1921,49.88161586519478,49.86675214559633
1921,49.88166158367562,49.86677566996153
1921,49.88170698284528,49.86679917259687
1921,49.88175206571309,49.866822653522405
1921,49.88179683529557,49.866846112758154
1921,49.88184129461516,49.86686955032415
1921,49.881885446699826,49.86689296624037
1921,49.88192929458224,49.86691636052681
1921,49.881972841297824,49.86693973320342
1921,49.88201608988479,49.86696308429014
1921,49.88205904338276,49.8669864138069
1921,49.88210170483174,49.8670097217736
1921,49.882144077271306,49.86703300821013
1921,49.88218616373945,49.86705627313636
1921,49.882227967271746,49.86707951657215
1921,49.882269490900285,49.86710273853731
1921,49.88231073765239,49.867125939051675
1921,49.8823517105503,49.86714911813504
1921,49.88239241260941,49.86717227580718
1921,49.882432846837666,49.86719541208786
1921,49.882473016234336,49.867218526996815
1921,49.88251292378927,49.86724162055378
1921,49.8825525724815,49.867264692778456
1921,49.8825919652788,49.86728774369053
1921,49.8826311051353,49.86731077330968
1921,49.88266999499254,49.86733378165556
1921,49.88270863777658,49.8673567687478
1921,49.882747036397845,49.86737973460602
1921,49.88278519374948,49.867402679249814
1921,49.882823112707236,49.86742560269877
1921,49.88286079612753,49.86744850497246
1921,49.88289824684698,49.867471386090415
1921,49.882935467680795,49.86749424607218
1921,49.88297246142228,49.86751708493724
1921,49.88300923084124,49.86753990270511
1921,49.88304577868353,49.86756269939526
1921,49.88308210766919,49.867585475027134
1921,49.88311822049244,49.86760822962019
1921,49.88315411981961,49.86763096319384
1921,49.88318980828848,49.867653675767485
1921,49.88322528850783,49.86767636736052
1921,49.88326056305469,49.86769903799231
1921,49.88329563447571,49.8677216876822
1921,49.88333050528382,49.867744316449524
1921,49.883365177958446,49.8677669243136
1921,49.88339965494428,49.86778951129373
1921,49.883433938650285,49.86781207740919
1921,49.883468031447904,49.86783462267924
1921,49.88350193567102,49.867857147123125
1921,49.88353565361458,49.867879650760074
1921,49.88356918753318,49.8679021336093
1921,49.883602539640876,49.867924595689985
1921,49.883635712108955,49.86794703702131
1921,49.883668707065915,49.867969457622436
1921,49.88370152659652,49.86799185751249
1921,49.88373417273977,49.86801423671061
1921,49.88376664748857,49.868036595235885
1921,49.883798952789704,49.868058933107406
1921,49.88383109054065,49.86808125034425
1921,49.88386306259057,49.86810354696546
1921,49.8838948707383,49.868125822990066
1921,49.88392651673152,49.8681480784371
1921,49.88395800226659,49.86817031332556
1921,49.8839893289862,49.86819252767441
1921,49.88402049848013,49.868214721502625
1921,49.88405151228233,49.86823689482916
1921,49.884082371872154,49.868259047672936
1921,49.88411307867168,49.86828118005287
1921,49.88414363404599,49.86830329198785
1921,49.8841740393016,49.86832538349676
1921,49.88420429568582,49.868347454598464
1921,49.88423440438638,49.8683695053118
1921,49.88426436652971,49.86839153565558
1921,49.884294183180664,49.86841354564864
1921,49.884323855341826,49.86843553530976
1921,49.88435338395194,49.86845750465771
1921,49.88438276988616,49.86847945371125
1921,49.88441201395527,49.86850138248912
1921,49.8844411169032,49.86852329101004
1921,49.88447007940871,49.86854517929272
1921,49.88449890208277,49.86856704735584
1921,49.88452758546939,49.86858889521808
1921,49.88455613004374,49.86861072289809
1921,49.88458453621222,49.86863253041451
1921,49.884612804310855,49.86865431778595
1921,49.88464093460671,49.86867608503103
1921,49.88466892729432,49.86869783216832
1921,49.88469678249844,49.868719559216395
1921,49.88472450027008,49.8687412661938
1921,49.88475208058954,49.86876295311908
1921,49.88477952336237,49.86878462001074
1921,49.884806828422064,49.86880626688729
1921,49.8848339955271,49.86882789376721
1921,49.8848610243619,49.868849500668965
1921,49.88488791453573,49.868871087611005
1921,49.88491466558349,49.86889265461177
1921,49.88494127696383,49.86891420168966
1921,49.88496774805923,49.868935728863086
1921,49.884994078177385,49.86895723615042
1921,49.885020266547386,49.86897872357004
1921,49.88504631232354,49.86900019114028
1921,49.88507221458251,49.869021638879474
1921,49.885097972323386,49.86904306680594
1921,49.88512358446843,49.86906447493798
1921,49.88514904986376,49.86908586329387
1921,49.88517436727541,49.86910723189187
1921,49.88519953539428,49.86912858075022
1921,49.88522455283247,49.86914990988717
1921,49.88524941812527,49.86917121932092
1921,49.8852741297303,49.86919250906966
1921,49.88529868602787,49.869213779151586
1921,49.88532308532098,49.86923502958486
1921,49.88534732583539,49.86925626038761
1921,49.885371405720726,49.86927747157798
1921,49.88539532304918,49.869298663174085
1921,49.88541907581748,49.86931983519401
1921,49.88544266194575,49.86934098765585
1921,49.885466079278814,49.869362120577655
1921,49.885489325586356,49.86938323397748
1921,49.885512398562646,49.86940432787335
1921,49.885535295828596,49.86942540228327
1921,49.88555801493166,49.86944645722525
1921,49.88558055334474,49.86946749271727
1921,49.88560290846975,49.86948850877729
1921,49.885625077635986,49.869509505423245
1921,49.88564705810217,49.869530482673085
1921,49.885668847056635,49.86955144054471
1921,49.88569044161793,49.86957237905603
1921,49.885711838837025,49.86959329822491
1921,49.88573303569618,49.869614198069236
1921,49.88575402911159,49.869635078606834
1921,49.88577481593404,49.86965593985555
1921,49.88579539295011,49.869676781833185
1921,49.885815756881904,49.86969760455755
1921,49.8858359043909,49.86971840804643
1921,49.88585583207685,49.86973919231758
1921,49.88587553648076,49.86975995738876
1921,49.885895014084326,49.86978070327769
1921,49.88591426131389,49.8698014300021
1921,49.88593327454024,49.86982213757968
1921,49.88595205008053,49.86984282602813
1921,49.885970584200194,49.8698634953651
1921,49.88598887311438,49.86988414560825
1921,49.886006912989174,49.86990477677523
1921,49.8860246999457,49.86992538888363
1921,49.88604223005832,49.86994598195107
1921,49.88605949936068,49.869966555995134
1921,49.88607650384451,49.869987111033396
1921,49.886093239463904,49.870007647083405
1921,49.886109702134924,49.870028164162704
1921,49.886125887741606,49.870048662288816
1921,49.886141792135284,49.870069141479235
1921,49.886157411137795,49.87008960175147
1921,49.88617274054405,49.87011004312298
1921,49.88618777612539,49.87013046561122
1921,49.88620251363114,49.87015086923365
1921,49.88621694879097,49.87017125400767
1921,49.886231077319955,49.87019161995072
1921,49.88624489491855,49.87021196708016
1921,49.886258397277494,49.870232295413395
1921,49.8862715800811,49.87025260496777
1921,49.886284439007895,49.870272895760635
1921,49.88629696973718,49.87029316780932
1921,49.88630916795024,49.87031342113114
1921,49.88632102933421,49.87033365574339
1921,49.88633254958553,49.87035387166335
1921,49.886343724414246,49.87037406890828
1921,49.88635454954598,49.87039424749545
1921,49.886365020727844,49.87041440744207
1921,49.8863751337313,49.870434548765374
1921,49.88638488435604,49.870454671482555
1921,49.88639426843321,49.8704747756108
1921,49.886403281832116,49.87049486116728
1921,49.886411920461214,49.87051492816916
1921,49.886420180276154,49.87053497663356
1921,49.88642805728175,49.87055500657761
1921,49.886435547535065,49.87057501801842
1921,49.88644264715505,49.870595010973084
1921,49.886449352322984,49.870614985458666
1921,49.88645565928925,49.870634941492234
1921,49.88646156437833,49.870654879090836
1921,49.886467063992434,49.87067479827149
1921,49.88647215461903,49.870694699051214
1921,49.886476832835484,49.870714581447004
1921,49.88648109531294,49.87073444547584
1921,49.88648493882363,49.87075429115468
1921,49.88648836024703,49.87077411850049
1921,49.88649135657343,49.8707939275302
1921,49.886493924912266,49.87081371826072
1921,49.88649606249704,49.87083349070896
1921,49.88649776669112,49.870853244891805
1921,49.88649903499548,49.87087298082613
1921,49.886499865054255,49.87089269852878
1921,49.886500254662124,49.87091239801661
1921,49.88650020176831,49.870932079306435
1921,49.886499704488536,49.870951742415066
1921,49.886498761106154,49.870971387359305
1921,49.88649737008406,49.87099101415592
1921,49.88649553007067,49.87101062282168
1921,49.886493239905064,49.87103021337333
1921,49.88649049862722,49.87104978582761
1921,49.88648730548544,49.871069340201224
1921,49.88648365994129,49.87108887651089
1921,49.88647956168413,49.87110839477327
1921,49.88647501063056,49.87112789500506
1921,49.886470006940044,49.8711473772229
1921,49.88646455101983,49.87116684144343
1921,49.88645864353355,49.87118628768328
1921,49.88645228541304,49.87120571595906
1921,49.88644547786183,49.87122512628736
1921,49.88643822236967,49.871244518684755
1921,49.88643052071864,49.871263893167814
1921,49.88642237499432,49.87128324975308
1921,49.88641378759324,49.87130258845709
1921,49.88640476123455,49.87132190929636
1921,49.88639529896916,49.8713412122874
1921,49.88638540419054,49.87136049744668
1921,49.886375080643816,49.87137976479068
1921,49.88636433243571,49.871399014335864
1921,49.88635316404881,49.871418246098656
1921,49.88634158034721,49.8714374600955
1921,49.88632958659278,49.8714566563428
1921,49.88631718845,49.871475834856945
1921,49.886304392004284,49.87149499565433
1921,49.886291203769076,49.87151413875131
1921,49.886277630697165,49.87153326416423
1921,49.8862636801962,49.87155237190944
1921,49.88624936013793,49.871571462003246
1921,49.886234678870444,49.871590534461966
1921,49.88621964523286,49.87160958930189
1921,49.886204268564875,49.87162862653928
1921,49.88618855872312,49.871647646190404
1921,49.88617252609143,49.87166664827151
1921,49.886156181596405,49.87168563279882
1921,49.886139536718105,49.87170459978856
1921,49.88612260350638,49.87172354925692
1921,49.88610539459526,49.87174248122009
1921,49.88608792321209,49.87176139569424
1921,49.88607020319973,49.871780292695526
1921,49.88605224902482,49.87179917224009
1921,49.88603407579354,49.87181803434405
1921,49.88601569927028,49.87183687902352
1921,49.885997135888786,49.8718557062946
1921,49.88597840277033,49.87187451617337
1921,49.88595951773748,49.871893308675894
1921,49.88594049933103,49.871912083818216
1921,49.8859213668268,49.87193084161639
1921,49.88590214025143,49.87194958208642
1921,49.885882840396896,49.87196830524432
1921,49.885863488842155,49.871987011106086
1921,49.88584410796648,49.87200569968769
1921,49.8858247209672,49.8720243710051
1921,49.88580535188075,49.87204302507425
1921,49.88578602559346,49.87206166191109
1921,49.885766767867956,49.872080281531524
1921,49.88574760535613,49.87209888395147
1921,49.885728565621804,49.872117469186804
1921,49.88570967715357,49.87213603725341
1921,49.8856909693896,49.87215458816714
1921,49.88567247273587,49.87217312194385
1921,49.88565421858483,49.87219163859936
1921,49.885636239334566,49.872210138149484
1921,49.8856185684126,49.87222862061003
1921,49.88560124029203,49.87224708599678
1921,49.88558429051617,49.872265534325514
1921,49.885567755715506,49.87228396561198
1921,49.88555167363604,49.872302379871925
1921,49.88553608315168,49.872320777121075
1921,49.88552102429301,49.87233915737515
1921,49.88550653826902,49.87235752064984
1921,49.885492667487206,49.872375866960844
1921,49.885479455575066,49.87239419632381
1921,49.885466947411494,49.872412508754415
1921,49.88545518913801,49.8724308042683
1921,49.88544422819427,49.87244908288107
1921,49.88543411333266,49.87246734460836
1921,49.88542489465019,49.872485589465754
1921,49.885416623608556,49.872503817468846
1921,49.885409353060574,49.8725220286332
1921,49.88540313727561,49.87254022297437
1921,49.88539803196744,49.872558400507906
1921,49.88539409431312,49.87257656124932
1921,49.88539138298942,49.872594705214134
1921,49.88538995819091,49.87261283241784
1921,49.885389881663734,49.87263094287592
1921,49.88539121672639,49.87264903660385
1921,49.88539402830329,49.87266711361709
1921,49.88539838294754,49.87268517393106
1921,49.885404348875376,49.8727032175612
1921,49.88541199598907,49.87272124452292
1921,49.8854213959106,49.87273925483162
1921,49.88543262200726,49.87275724850268
1921,49.88544574942346,49.87277522555147
1921,49.88546085511401,49.872793185993345
1921,49.88547801786654,49.87281112984365
1921,49.88549731834201,49.8728290571177
1921,49.88551883909857,49.87284696783082
1921,49.88554266462587,49.872864861998295
1921,49.88556888138081,49.87288273963543
1921,49.88559757781222,49.872900600757475
1921,49.88562884440101,49.872918445379696
1921,49.8856627736888,49.87293627351733
1921,49.88569946031526,49.87295408518561
1921,49.885739001047725,49.87297188039975
1921,49.88578149481991,49.87298965917495
1921,49.885827042762976,49.87300742152639
1921,49.88587574824456,49.873025167469244
1921,49.88592771690094,49.87304289701868
1921,49.88598305667747,49.87306061018982
1921,49.88604187785977,49.87307830699781
1921,49.886104293112105,49.873095987457766
1921,49.886170417520894,49.87311365158478
1921,49.88624036862105,49.873131299393954
1921,49.886314266445794,49.87314893090035
1921,49.8863922335565,49.87316654611903
1921,49.88647439508968,49.87318414506504
1921,49.886560878788075,49.87320172775342
1921,49.886651815045845,49.873219294199174
1921,49.88674733695031,49.87323684441732
1921,49.88684758031693,49.87325437842284
1921,49.8869526837369,49.87327189623072
1921,49.887062788617406,49.87328939785591
1921,49.88717803921803,49.873306883313376
1921,49.88729858270393,49.873324352618035
1921,49.88742456917896,49.87334180578482
1921,49.887556151737435,49.873359242828634
1921,49.88769348650417,49.873376663764375
1921,49.88783673267819,49.87339406860691
1921,49.88798605257796,49.873411457371134
1921,49.88814161169484,49.87342883007187
1921,49.888303578726365,49.873446186723974
1921,49.88847212563541,49.87346352734226
1921,49.88864742768719,49.87348085194155
1921,49.8888296635027,49.87349816053664
1921,49.88901901510653,49.8735154531423
1921,49.88921566797336,49.87353272977333
1921,49.88941981108086,49.87354999044446
1921,49.88963163695286,49.87356723517044
1921,49.88985134171949,49.87358446396601
1921,49.89007912515795,49.87360167684587
1921,49.890315190748815,49.87361887382474
1921,49.89055974573145,49.8736360549173
1921,49.89081300114911,49.873653220138216
1921,49.891075171906145,49.873670369502165
1921,49.89134647682351,49.87368750302379
1921,49.89162713868569,49.873704620717724
1921,49.89191738430283,49.87372172259859
1921,49.892217444565155,49.873738808681
